,id,name,price,top_tags
0,A000000142876,[한정판] 아이소이 1등잡티세럼Ⅱ 20ml 더블+마스크팩 증정기획,"38,800",복합성 웜톤 블랙헤드 모공 각질 트러블 
1,A000000142696,코스알엑스 풀핏 프로폴리스 라이트 앰플 더블 에디션(40ml+40ml),"26,910",건성 쿨톤 잡티 모공 트러블 블랙헤드 
2,A000000136239,구달 청귤 비타C 잡티세럼 플러스 30ml 기획세트,"15,000",복합성 웜톤 잡티 모공 트러블 미백 
3,A000000142730,구달 청귤 비타C 잡티세럼플러스 삐삐콜라보 더블에디션(레드),"27,900",복합성 쿨톤 잡티 미백 주름 각질 
4,A000000115152,아임프롬 머그워트 에센스 160ml,"23,800",복합성 웜톤 모공 트러블 잡티 홍조 
5,A000000141543,아비브 어성초 에센스 카밍펌프 50ml 기획세트(햄프시드 에센스 엑티베이팅 펌프 20ml 증정),"17,010",복합성 웜톤 트러블 잡티 모공 블랙헤드 
6,A000000139742,토리든 수분 다이빙 키트 기획세트(세럼 50ml + 크림 20ml+스킨부스터 30ml),"16,200",복합성 웜톤 잡티 트러블 블랙헤드 모공 
7,A000000142992,나인위시스 하이드라 앰플Ⅱ 기획세트(앰플 30ml + 토너 20ml + 크림 8ml),"12,920",복합성 웜톤 잡티 트러블 모공 주름 
8,A000000141808,비플레인 시카풀 앰플 대용량 기획 세트(50ml+30ml),"25,400",건성 쿨톤 잡티 모공 트러블 민감성 
9,A000000124941,아벤느 이드랑스 리하이드레이팅 세럼 50ml,"23,940",복합성 웜톤 민감성 잡티 모공 트러블 
10,A000000137016,마녀공장 갈락 나이아신 2.0 에센스 30ml,"19,000",복합성 쿨톤 모공 잡티 블랙헤드 미백 
11,A000000118378,바이오더마 하이드라비오 에센스 로션+하이드라비오 H2O 100 증정 기획,"23,040",복합성 웜톤 미백 트러블 민감성 모공 
12,A000000140823,아임프롬 피그 부스팅 에센스 150ml 된다 기획(피그 스크럽 마스크 31g+화장솜 10매 증정),"25,000",복합성 웜톤 모공 잡티 트러블 탄력 
13,A000000114119,라로슈포제 에빠끌라 듀오[+] 에센스,"19,000",복합성 웜톤 트러블 민감성 피지과다 잡티 
14,A000000111929,[올리브영단독] 라로슈포제 히알루B5 세럼 기획,"42,120",복합성 쿨톤 잡티 미백 주름 각질 
15,A000000136944,티르티르 순 로즈마리 에센스 스페셜 세트 (150ml+20ml),"33,600",복합성 웜톤 트러블 민감성 모공 미백 
16,A000000139351,코스알엑스 퓨어핏 시카 세럼 한정 기획세트(세럼30ml+크림15ml),"14,300",복합성 웜톤 트러블 잡티 민감성 블랙헤드 
17,A000000131123,아이소이 불가리안 로즈 블레미쉬 케어 세럼Ⅱ 20ml 더블세트 [1등잡티세럼],"38,800",복합성 웜톤 트러블 모공 잡티 민감성 
18,A000000141329,나이아신아마이드 10%+징크 1% 30mL,"5,900",복합성 웜톤 모공 잡티 트러블 블랙헤드 
19,A000000141425,"닥터자르트 시카페어 겟그린, 겟베러 세럼 기획","33,350",복합성 웜톤 주름 각질 미백 트러블 
20,A000000125037,닥터자르트 바이탈 하이드라 솔루션 바이옴 에센스 150ml,"39,200",건성 웜톤 민감성 블랙헤드 모공 잡티 
21,A000000138409,닥터지 레드 블레미쉬 클리어 수딩 액티브 에센스 기획 세트 (에센스 30ml + 크림 30ml),"26,600",복합성 웜톤 트러블 민감성 잡티 블랙헤드 
22,A000000142875,[한정판] 아이소이 코어탄력세럼 20ml+디럭스 2종 증정기획,"21,600",복합성 웜톤 민감성 잡티 모공 탄력 
23,A000000112179,유세린 하이알루론 컨센트레이트 (5ml*6),"54,400",복합성 쿨톤 탄력 잡티 주름 트러블 
24,A000000128643,토리든 다이브인 저분자 히알루론산 세럼 50ml,"16,200",복합성 웜톤 트러블 모공 민감성 잡티 
25,A000000141332,히알루로닉 애시드 2%+비5 30mL,"6,800",복합성 쿨톤 잡티 미백 주름 각질 
26,A000000142694,바이오더마 하이드라비오 에센스로션 200ML +200ML 듀오 기획,"44,900",복합성 쿨톤 잡티 미백 주름 각질 
27,A000000137919,프리메라 슈퍼 블랙씨드 콜드-드랍™ 세럼 50ml,"45,050",복합성 웜톤 트러블 민감성 모공 주름 
28,A000000128924,라로슈포제 퓨어비타민C10 세럼 기획,"42,120",복합성 쿨톤 각질 미백 블랙헤드 민감성 
29,A000000118377,바이오더마 하이드라비오 세럼+하이드라비오 H2O 100증정 기획 ,"28,500",건성 쿨톤 트러블 블랙헤드 민감성 홍조 
30,A000000129306,티르티르 긴급 보습 세럼 50ml,"34,400",복합성 웜톤 모공 미백 주름 홍조 
31,A000000143077,[모음] 웰라쥬 원데이 키트 10개입 (히알루로닉/골드콜라겐/시카클리어),"25,000",복합성 쿨톤 잡티 미백 주름 각질 
32,A000000128672,구달 맑은 어성초 진정 에센스 150ml 기획,"24,000",복합성 웜톤 트러블 민감성 모공 잡티 
33,A000000140579,유리아쥬 오 에센스 100ml 기획(워터 젤 크림 15ml 2개 증정),"28,800",복합성 웜톤 트러블 모공 민감성 잡티 
34,A000000129226,브링그린 사철쑥 카밍 인텐시브 세럼 80mL 기획세트 (대용량),"17,640",복합성 웜톤 트러블 모공 민감성 블랙헤드 
35,A000000122766,아이소이 불가리안 로즈 블레미쉬 케어 세럼Ⅱ 20ml 기획 [1등잡티세럼],"24,900",복합성 웜톤 트러블 모공 블랙헤드 잡티 
36,A000000137412,비오템 라이프 플랑크톤™ 온천수 에센스 75ml 세트,"39,600",복합성 웜톤 잡티 각질 트러블 모공 
37,A000000128798,웰라쥬 리얼 히알루로닉 원데이 키트 10개입,"25,000",복합성 웜톤 모공 탄력 트러블 잡티 
38,A000000106422,닥터자르트 NEW 세라마이딘 세럼 40ml (세라 세럼),"33,600",복합성 웜톤 트러블 각질 미백 주름 
39,A000000141541,아비브 햄프시드 에센스 엑티베이팅 펌프 55ml 기획세트(어성초 에센스 카밍펌프 20ml 증정),"17,010",복합성 웜톤 블랙헤드 모공 각질 트러블 
40,A000000141294,나이아신아마이드 10%+징크 1% 60mL,"10,600",복합성 쿨톤 트러블 모공 잡티 미백 
41,A000000128799,웰라쥬 시카 클리어 원데이 키트 10개입,"25,000",복합성 웜톤 트러블 모공 잡티 민감성 
42,A000000142666,차앤박 프로폴리스 에너지 앰플 듀오기획 (2009),"36,580",복합성 쿨톤 잡티 미백 주름 각질 
43,A000000015473,아이소이 불가리안 로즈 블레미쉬 케어 토닉 에센스 90ml [잡티토닉],"25,600",복합성 웜톤 잡티 탄력 모공 주름 
44,A000000126076,브링그린 당근비타잡티세럼45mL,"14,220",복합성 쿨톤 잡티 모공 트러블 블랙헤드 
45,A000000139395,"에스트라 에이시카 스트레스 릴리프 크림에센스 150ml 기획 (+크림에센스 30ml, 트리트먼트 8ml 증정)","35,100",복합성 웜톤 블랙헤드 민감성 모공 잡티 
46,A000000142384,에스티로더 어드밴스드 나이트 리페어 싱크로나이즈드 멀티-리커버리 콤플렉스 30ML,"103,000",복합성 쿨톤 잡티 미백 주름 각질 
47,A000000136729,보타닉힐보 더마 샷 비타민 기미잡티 세럼 30ml 기획(스킨+에멀전 증정),"22,610",복합성 웜톤 잡티 주름 모공 블랙헤드 
48,A000000141295,뷔페 60mL,"28,100",건성 웜톤 미백 각질 트러블 민감성 
49,A000000138710,웰라쥬 리얼 히알루로닉 원데이키트 7개입,"17,820",복합성 웜톤 민감성 모공 트러블 주름 
50,A000000137344,구달 청귤 비타C 잡티세럼플러스 더블에디션,"38,700",복합성 웜톤 모공 잡티 블랙헤드 민감성 
51,A000000132711,구달 맑은 어성초 진정 에센스 더블에디션기획세트,"47,700",건성 웜톤 트러블 민감성 각질 모공 
52,A000000141331,알파 알부틴 2% + 에이치에이,"8,900",복합성 쿨톤 잡티 미백 주름 민감성 
53,A000000137409,비오템 라이프 플랑크톤™ 온천수 에센스 125ml 세트,"58,500",복합성 쿨톤 잡티 홍조 각질 민감성 
54,A000000005336,바이오더마 하이드라비오 세럼 40ml,"28,500",복합성 웜톤 모공 주름 트러블 미백 
55,A000000140134,스킨푸드 유자 씨 잡티 맑음 에센스 기획 세트,"27,200",복합성 쿨톤 민감성 트러블 블랙헤드 홍조 
56,A000000137537,웰라쥬 리얼 히알루로닉 원데이키트(N),"2,950",복합성 쿨톤 트러블 민감성 모공 잡티 
57,A000000115505,달팡 인트랄 수딩 세럼 30ml,"76,500",복합성 쿨톤 잡티 미백 주름 각질 
58,A000000141882,이즈앤트리 히아루론산 워터 에센스 50ml + 스팟세이버 쑥 앰플 50ml 더블 기획세트 (2008),"29,900",복합성 쿨톤 잡티 주름 트러블 민감성 
59,A000000141304,뷔페+코퍼 펩타이즈 1%,"28,900",복합성 쿨톤 잡티 미백 주름 각질 
60,A000000140690,케어존 노르데나우워터 페이셜 샤워세럼 점보기획 150ml,"24,000",복합성 쿨톤 트러블 블랙헤드 민감성 홍조 
61,A000000131116,메디큐브 레드 이레이징 카무카무 세럼 37ml,"26,600",복합성 웜톤 잡티 트러블 블랙헤드 각질 
62,A000000143246,마몽드 레드에너지리커버리세럼 기획세트(20),"25,200",복합성 쿨톤 잡티 미백 주름 각질 
63,A000000140719,티르티르 VC 잡티세럼 50ml,"31,200",복합성 쿨톤 잡티 미백 주름 각질 
64,A000000132185,라로슈포제 똘러리앙 울트라8 워터에센스,"24,650",복합성 웜톤 각질 잡티 미백 주름 
65,A000000142383,에스티로더 어드밴스드 나이트 리페어 싱크로나이즈드 멀티-리커버리 콤플렉스 20ML,"59,000",복합성 쿨톤 잡티 미백 주름 각질 
66,A000000139561,스킨푸드 로열허니 프로폴리스 인리치 에센스,"25,600",복합성 쿨톤 잡티 미백 주름 각질 
67,A000000117808,바이오더마 하이드라비오 에센스로션 200ml,"23,040",복합성 웜톤 모공 트러블 블랙헤드 민감성 
68,A000000142951,차앤박 프로폴리스 에너지 앰플 듀오기획 (2009),"36,580",복합성 쿨톤 잡티 미백 주름 각질 
69,A000000115385,로벡틴 스킨 이센셜즈 아쿠아 액티베이팅 세럼 35ml,"28,800",복합성 웜톤 블랙헤드 트러블 잡티 홍조 
70,A000000140631,아벤느 클리낭스 파워 컨트롤 세럼 30ml,"22,400",복합성 쿨톤 트러블 민감성 모공 잡티 
71,A000000136976,[2입기획] 크리니크 프레쉬 프레스드 데일리 부스터 위드 퓨어 비타민 씨 10% 8.5ml,"35,100",복합성 웜톤 잡티 트러블 각질 민감성 
72,A000000140885,[올리브영단독] 스킨푸드 블랙슈가 퍼펙트 첫세럼 더 에센셜 기획세트,"20,250",복합성 쿨톤 민감성 각질 블랙헤드 피지과다 
73,A000000101921,보타닉힐 보 더마 인텐시브 에너지 에센스,"20,000",복합성 웜톤 각질 트러블 블랙헤드 잡티 
74,A000000129030,에스트라 테라크네365 에센스 50ml,"23,800",복합성 웜톤 트러블 홍조 블랙헤드 민감성 
75,A000000131745,라로슈포제 퓨어비타민C10 세럼,"46,800",복합성 쿨톤 모공 미백 잡티 각질 
76,A000000141305,에틸레이티드 아스코빅 애씨드 15%솔루션,"18,000",복합성 쿨톤 잡티 트러블 블랙헤드 피지과다 
77,A000000008364,[한정기획] 싸이닉 퍼스트 트리트먼트 에센스 150ml (14일 피부집중케어 앰플 증정),"17,800",건성 웜톤 잡티 모공 트러블 민감성 
78,A000000136529,유세린 더모퓨리파이어 수퍼세럼 30ml 듀오 기획,"29,900",복합성 쿨톤 트러블 민감성 모공 피지과다 
79,A000000138561,브라이트닝에센스 48mL,"16,000",복합성 웜톤 모공 미백 블랙헤드 주름 
80,A000000132168,웰라쥬 리얼 에이치에이 바이오 리프트 캡슐 세럼 기획세트,"21,000",복합성 웜톤 잡티 모공 트러블 민감성 
81,A000000120124,차앤박 하이드로세라 딥세럼 60ml,"40,500",복합성 웜톤 민감성 잡티 미백 주름 
82,A000000120819,아비브 어성초 에센스 카밍펌프 50ml,"17,010",복합성 웜톤 트러블 민감성 모공 잡티 
83,A000000142955,미샤 타임 레볼루션 더 퍼스트 트리트먼트 에센스 RX,"39,000",복합성 쿨톤 모공 트러블 잡티 미백 
84,A000000113359,보타닉힐 보 더마 샷 비타민 올인원 에센스,"18,720",건성 웜톤 잡티 블랙헤드 모공 각질 
85,A000000129365,한율 세살쑥진정에센스 150m 화장솜 기획,"26,600",복합성 웜톤 모공 트러블 블랙헤드 민감성 
86,A000000118952,닥터자르트 V7 세럼 50ml ,"36,000",복합성 쿨톤 잡티 미백 주름 각질 
87,A000000141292,히알루로닉 애시드 2%+비5 60mL,"12,200",복합성 쿨톤 잡티 미백 주름 각질 
88,A000000137576,차앤박 듀얼밸런스워터락티유세럼60ml(2003),"35,100",복합성 쿨톤 잡티 미백 주름 각질 
89,A000000137833,비오템 라이프 플랑크톤™ 엘릭시어 안티-에이징 세럼 30ml,"69,300",복합성 쿨톤 잡티 미백 주름 각질 
90,A000000130839,크리니크 프레쉬 프레스드 퓨어 비타민 C 10% + 안티-링클 오버나이트 부스터,"35,100",건성 웜톤 주름 모공 탄력 잡티 
91,A000000137521,웰라쥬 리얼 골드콜라겐 원데이키트(N),"3,300",건성 웜톤 잡티 트러블 모공 블랙헤드 
92,A000000014893,엠도씨 화이트닝 톤업 크림,"20,000",건성 쿨톤 각질 잡티 미백 주름 
93,A000000143564,슈퍼 블랙씨드 콜드-드랍 세럼 리미티드 세트 (50ml+25ml),"58,650",복합성 쿨톤 잡티 미백 주름 각질 
94,A000000141333,매트릭실 10%+에이치에이,"11,500",복합성 쿨톤 잡티 미백 주름 각질 
95,A000000137523,웰라쥬 리얼 비타민토닝 원데이키트(N),"2,950",복합성 웜톤 모공 민감성 트러블 미백 
96,A000000137831,비오템 라이프 플랑크톤™ 온천수 에센스 125ml,"58,500",복합성 쿨톤 잡티 미백 주름 각질 
97,A000000137410,비오템 라이프 플랑크톤™ 클리어 에센스 125ml 세트,"58,500",지성 웜톤 잡티 미백 주름 피지과다 
98,A000000142961,미샤 비타씨플러스 잡티씨탄력앰플,"19,600",복합성 쿨톤 잡티 미백 주름 각질 
99,A000000120685,유세린 하이알루론 나이트 필링 & 세럼 30ml 기획#듀얼세럼(NEW),"54,400",건성 웜톤 주름 탄력 미백 트러블 
100,A000000139008,차앤박 팜슈티컬 너리싱 세럼 위드 햄프 시드 기획(2005),"25,200",복합성 웜톤 잡티 모공 트러블 민감성 
101,A000000141303,아스코빅 애씨드 8%+알파 알부틴 2%,"10,000",복합성 쿨톤 잡티 미백 주름 각질 
102,A000000138391,아임프롬 피그 부스팅 에센스 150ml,"26,200",복합성 쿨톤 트러블 민감성 잡티 미백 
103,A000000125327,웰라쥬 리얼 히알루로닉 캡슐 세럼 30ml,"11,900",복합성 웜톤 트러블 모공 잡티 미백 
104,A000000112636,라로슈포제 히알루B5 세럼,"46,800",건성 쿨톤 트러블 민감성 잡티 주름 
105,A000000121123,비욘드 엔젤아쿠아 워터 에센스 180ml,"16,000",복합성 쿨톤 잡티 트러블 미백 각질 
106,A000000135618,블랙몬스터 화이트 올인원 더블 세럼 100ml,"23,200",복합성 쿨톤 잡티 미백 주름 각질 
107,A000000135953,메이크프렘 리프팅 미 리포좀 퍼밍 세럼50ml,"23,040",복합성 쿨톤 잡티 미백 주름 각질 
108,A000000131921,[올리브영 단독] AHC 365 레드세럼 기획세트,"22,770",복합성 쿨톤 주름 트러블 민감성 모공 
109,A000000137534,웰라쥬 리얼 시카카밍 원데이키트(N),"2,950",복합성 웜톤 트러블 모공 민감성 잡티 
110,A000000141308,이유케이 134 0.1%,"8,800",복합성 쿨톤 잡티 미백 주름 각질 
111,A000000140476,이즈앤트리 스팟 세이버 쑥 스페셜 에디션,"42,500",복합성 쿨톤 잡티 미백 주름 각질 
112,A000000135903,아로마티카 리바이빙 로즈 인퓨전 세럼 100ml [생기/보습],"20,830",건성 웜톤 잡티 모공 탄력 주름 
113,A000000138007,프리메라 미라클씨드에센스 150ML,"40,800",복합성 쿨톤 잡티 미백 주름 각질 
114,A000000141306,만델릭 애시드 10%+에이치에이,"6,700",건성 쿨톤 잡티 트러블 모공 미백 
115,A000000130493,라운드어라운드 그린티 시카 인텐스 세럼 50mL 기획세트,"19,800",복합성 웜톤 트러블 모공 잡티 민감성 
116,A000000115885,비쉬 아쿠알리아 떼르말 리하이드레이팅 세럼,"39,600",복합성 쿨톤 트러블 피지과다 탄력 미백 
117,A000000122997,닥터자르트 시카페어 세럼 30ml ,"39,000",복합성 웜톤 잡티 트러블 모공 미백 
118,A000000141323,아스코빌 글루코사이드 솔루션 12%,"12,900",복합성 쿨톤 잡티 미백 주름 각질 
119,A000000137832,비오템 라이프 플랑크톤™ 온천수 에센스 75ml,"39,600",복합성 쿨톤 잡티 미백 주름 각질 
120,A000000139260,메이크프렘 탱자씨 잡티세럼 40ml,"18,200",복합성 웜톤 트러블 블랙헤드 잡티 모공 
121,A000000121992,눅스 에너지 부스터 100ml 기획,"37,800",복합성 쿨톤 트러블 모공 잡티 미백 
122,A000000141307,마린 히알루로닉스,"6,800",복합성 웜톤 트러블 민감성 모공 잡티 
123,A000000143013,더포션스 응급 SOS 키트 기획[칼라민 앰플+티트리 오일],"16,900",복합성 쿨톤 트러블 블랙헤드 탄력 잡티 
124,A000000112268,메디큐브 레드 세럼 30ml,"33,400",지성 쿨톤 트러블 모공 블랙헤드 피지과다 
125,A000000112240,케어존 아큐어 클래리파잉 스팟세럼 플러스 30ml 기획,"25,000",복합성 웜톤 주름 미백 민감성 잡티 
126,A000000141976,한율 산들박하 트러블스팟젤 한정기획(본품+어린쑥토너18ml+플루이드18ml),"14,000",복합성 웜톤 모공 트러블 블랙헤드 민감성 
127,A000000141711,DR다룸 아크10 스팟 젤 10ml,"12,000",복합성 웜톤 모공 트러블 블랙헤드 잡티 
128,A000000140430,라엘 리얼라엘 데일리 젠 밸런싱 토너 150ml,"24,000",복합성 쿨톤 잡티 미백 주름 각질 
129,A000000113387,아이소이 불가리안 로즈 인텐시브 리프팅 세럼 20ml 기획 [코어탄력세럼],"21,600",복합성 웜톤 탄력 모공 민감성 트러블 
130,A000000118000,라운드어라운드 리페어링 액티브 세럼 30mL 기획,"23,700",복합성 웜톤 민감성 잡티 미백 트러블 
131,A000000142130,메디큐브 레드 이레이징 카무카무 세럼 톤업 세트,"22,400",복합성 쿨톤 잡티 미백 주름 각질 
132,A000000138640,센텔리안24 마데카 릴리프 에센스 40ml,"22,400",복합성 웜톤 잡티 주름 탄력 미백 
133,A000000131279,프로바이오틱스 기획(에센스+시카밤+마스크팩),"19,600",복합성 웜톤 잡티 트러블 모공 홍조 
134,A000000116909,프로바이오틱스 스킨 배리어 에센스 드롭 200ml,"19,600",복합성 쿨톤 모공 잡티 각질 탄력 
135,A000000134642,라네즈 워터뱅크 하이드로 에센스 30ml,"22,000",복합성 웜톤 잡티 각질 트러블 주름 
136,A000000115572,보타닉힐 보 더마 샷 비타민 포어 세럼40ml (단품),"19,200",복합성 웜톤 모공 잡티 미백 주름 
137,A000000129409,더포션스 병풀 워터 에센스,"9,400",복합성 웜톤 모공 각질 블랙헤드 잡티 
138,A000000141324,아스코빌 테트라이소팔미테이트 솔루션 20% 인 비타민 에프,"17,800",복합성 쿨톤 잡티 미백 주름 각질 
139,A000000138791,아비브 햄프시드 에센스 엑티베이팅 펌프 55ml,"17,010",복합성 쿨톤 잡티 미백 주름 각질 
140,A000000138784,아비브 옥죽 에센스 뉴트리션 펌프 50ml,"18,900",복합성 쿨톤 잡티 미백 주름 각질 
141,A000000142991,셀리맥스 더 리얼 수분초 아쿠아 부스팅 에센스 150ml,"15,000",복합성 쿨톤 잡티 미백 주름 각질 
142,A000000141326,뷔페 30mL,"14,800",지성 쿨톤 트러블 블랙헤드 피지과다 모공 
143,A000000122103,크리니크 아이디 액티브 카트리지 컨센트레이트 - 디-에이징 10ml,"13,500",복합성 쿨톤 잡티 미백 주름 각질 
144,A000000122101,크리니크 아이디 액티브 카트리지 컨센트레이트 - 언이븐 스킨 톤 10ml,"13,500",건성 쿨톤 잡티 주름 각질 트러블 
145,A000000119141,썸바이미 아하·바하·파하 30데이즈 미라클 세럼 50ml,"15,900",지성 웜톤 잡티 트러블 블랙헤드 미백 
146,A000000103391,코스알엑스 어드벤스드 스네일 96 뮤신 파워 에센스 100ml,"11,600",복합성 쿨톤 잡티 미백 주름 각질 
147,A000000103456,코스알엑스 아하 7 화이트헤드 파워 리퀴드 100ml,"11,000",복합성 쿨톤 각질 모공 트러블 블랙헤드 
148,A000000135793,스와니코코 비타민 듀오 기획세트[비타민에센스30ml+(미니)비타민토너20ml],"10,800",복합성 쿨톤 모공 민감성 탄력 트러블 
149,A000000139897,휘게 내추럴 리페어 세럼 30ml,"12,600",복합성 웜톤 홍조 민감성 주름 트러블 
150,A000000129410,더포션스 갈락토미세스 워터 에센스,"9,400",복합성 쿨톤 잡티 각질 모공 탄력 
151,A000000129405,더포션스 티트리오일 세럼,"9,400",복합성 웜톤 각질 트러블 블랙헤드 잡티 
152,A000000142958,미샤 타임 레볼루션 개똥쑥 트리트먼트에센스,"29,400",복합성 쿨톤 잡티 미백 주름 각질 
153,A000000143978,에스트라 아토베리어365 하이드로에센스 150ml,"25,000",복합성 쿨톤 잡티 미백 주름 각질 
154,A000000143460,마녀공장 비피다 바이옴 콤플렉스 앰플 30ml 더블기획,"35,000",복합성 쿨톤 잡티 미백 주름 각질 
155,A000000143565,아임프롬 머그워트 에센스 160ml +30ml 증정 기획세트,"40,000",복합성 쿨톤 잡티 미백 주름 각질 
156,A000000144034,폴라초이스 클리니컬 나이아신아마이드 20% 트리트먼트 20ml,"68,000",복합성 쿨톤 잡티 미백 주름 각질 
157,A000000144035,폴라초이스 10% 나이아신아마이드 부스터 앰플 20ml,"58,000",복합성 쿨톤 잡티 미백 주름 각질 
158,A000000144051,폴라초이스 스킨 퍼펙팅 8% 아하 젤 각질제거제 100ml,"35,000",복합성 쿨톤 잡티 미백 주름 각질 
159,A000000143229,메이크프렘 세이프 미 릴리프 모이스처 그린 앰플 50ml,"19,600",복합성 쿨톤 잡티 미백 주름 각질 
160,A000000142957,미샤 타임 레볼루션 개똥쑥 진정앰플,"27,300",복합성 쿨톤 잡티 미백 주름 각질 
161,A000000140893,미프 비타맥스 유브이 에센스 100ml,"33,600",복합성 쿨톤 잡티 미백 주름 각질 
162,A000000141313,아지렐린 솔루션 10%,"7,900",복합성 웜톤 각질 트러블 민감성 잡티 
163,A000000141301,아미노 애씨즈+비5,"6,800",복합성 쿨톤 잡티 미백 주름 각질 
164,A000000141666,싸이닉 히아루론산 앰플 세럼 50ml,"23,000",복합성 쿨톤 잡티 미백 주름 각질 
165,A000000141781,땡큐파머 트루워터 딥세럼 EX 60ml,"19,200",복합성 쿨톤 모공 잡티 민감성 각질 
166,A000000141804,비쉬 미네랄89 EYE 15ml,"27,300",건성 쿨톤 주름 트러블 민감성 탄력 
167,A000000140429,라엘 리얼라엘 굿 케미스트리 세럼 50ml,"39,200",복합성 쿨톤 잡티 미백 주름 각질 
168,A000000141922,차앤박 프로폴리스 모이스처 글로우 스페셜 세트,"39,200",복합성 쿨톤 잡티 미백 주름 각질 
169,A000000142123,미프 미남크림 앰플 화이트닝 30g,"17,100",복합성 쿨톤 잡티 미백 주름 각질 
170,A000000142336,유세린 하이알루론 모이스처부스터 세럼 30ml 기획 (+하이알루론 미스트 50ml),"38,400",복합성 쿨톤 잡티 미백 주름 각질 
171,A000000141255,진저6 라이크 화이트 스노우 세럼 30ml,"21,600",복합성 웜톤 트러블 잡티 민감성 홍조 
172,A000000142489,구달 사과 아하 매끈 앰플 30ml,"17,600",복합성 쿨톤 잡티 미백 주름 각질 
173,A000000142679,차앤박 비타 비 에너지 앰플 대용량 기획세트,"38,000",건성 웜톤 잡티 미백 주름 각질 
174,A000000142956,미샤 타임레볼루션 나이트리페어 프로바이오 보랏빛 앰플,"39,000",복합성 쿨톤 잡티 미백 주름 각질 
175,A000000004925,유리아쥬 이제악 매트 40ml,"25,000",복합성 웜톤 블랙헤드 미백 주름 잡티 
176,A000000137329,브라이트닝에센스 기획세트,"16,000",복합성 쿨톤 블랙헤드 민감성 잡티 미백 
177,A000000140130,블라이드 프레스드 세럼 크리스탈 아이스 플랜트 22ml,"17,000",복합성 쿨톤 잡티 미백 주름 각질 
178,A000000123299,브링그린 사철쑥카밍인텐시브세럼40mL,"14,040",복합성 웜톤 트러블 모공 블랙헤드 민감성 
179,A000000122717,케어존 아큐어 각질클리어링 톤결세럼,"19,800",복합성 쿨톤 각질 트러블 민감성 주름 
180,A000000122105,크리니크 아이디 액티브 카트리지 컨센트레이트 - 델리케이트 스킨 10ml,"13,500",복합성 웜톤 잡티 미백 주름 각질 
181,A000000122100,크리니크 아이디 액티브 카트리지 컨센트레이트 - 퍼티그 10ml,"13,500",복합성 쿨톤 잡티 미백 주름 각질 
182,A000000121756,"LRP 에빠끌라 듀오 40ml 기획(+듀오 15ml, 폼 15ml, H토너 15ml 증정)","19,000",복합성 쿨톤 트러블 민감성 모공 홍조 
183,A000000123589,이즈앤트리 히아루론산 워터 에센스 50ML,"26,000",복합성 웜톤 트러블 잡티 민감성 탄력 
184,A000000118352,셀비엔 히알루론산 250ml,"11,200",건성 쿨톤 잡티 블랙헤드 민감성 홍조 
185,A000000125215,더마리프트 인텐시덤 파란네크로엑스 비타민세럼 30ml 기획,"28,000",건성 쿨톤 트러블 잡티 미백 각질 
186,A000000127240,에스티 로더 마이크로 에센스 스킨 엑티베이팅 트리트먼트 로션 75ML,"52,200",복합성 쿨톤 주름 잡티 각질 트러블 
187,A000000129401,더포션스 호호바 오일 세럼,"9,400",복합성 웜톤 모공 잡티 미백 주름 
188,A000000128943,케어존 노르데나우워터 샤워세럼 기획(2019),"21,600",복합성 웜톤 잡티 모공 트러블 블랙헤드 
189,A000000127546,록시땅 아쿠아 레오티에 모이스처 프렙 에센스 150ml,"35,000",복합성 웜톤 잡티 미백 주름 트러블 
190,A000000127411,한율 세살쑥진정에센스 150ml,"26,600",건성 쿨톤 잡티 트러블 모공 미백 
191,A000000127257,에스티 로더 마이크로 에센스 스킨 엑티베이팅 트리트먼트 로션 15ML,"9,000",복합성 웜톤 블랙헤드 모공 미백 민감성 
192,A000000126665,유세린 더모퓨리파이어 수퍼세럼 30ml,"20,300",복합성 웜톤 미백 주름 각질 트러블 
193,A000000118039,더마리프트 울트라덤 스컬트-핏 리프팅샷 세럼 기획세트,"25,900",복합성 쿨톤 잡티 미백 주름 각질 
194,A000000117862,헤지스맨 룰429 파워 튜닝 세럼 70ml,"31,500",건성 쿨톤 민감성 잡티 미백 주름 
195,A000000117820,유리아쥬 오 떼르말 워터 세럼 30ml,"28,800",복합성 쿨톤 잡티 미백 주름 각질 
196,A000000105589,모이스춰 써지 하이드레이팅 수퍼차지드 컨센트레이트 48ml,"54,000",복합성 쿨톤 잡티 미백 주름 각질 
197,A000000105588,크리니크 포 맨 맥시멈 하이드레이터 액티베이티드 워터-젤 컨센트레이트 48ml,"54,000",복합성 쿨톤 잡티 미백 주름 각질 
198,A000000104918,비쉬 미네랄89 [50ml],"22,000",복합성 쿨톤 잡티 미백 주름 각질 
199,A000000103721,오리진스 오리지널스킨 리뉴얼 세럼 위드 윌로우 허브 30ml (0LXH),"45,900",복합성 쿨톤 잡티 미백 주름 각질 
200,A000000011100,엠도씨 워터드롭 스킨 에센스,"16,000",복합성 쿨톤 잡티 미백 주름 각질 
201,A000000106038,유리아쥬 이제악 3-레귤 40ML,"29,000",복합성 웜톤 모공 잡티 주름 블랙헤드 
202,A000000106412,랩시리즈 퓨처 레스큐 리페어 세럼 50ml,"76,500",복합성 쿨톤 잡티 미백 주름 각질 
203,A000000107931,더마리프트 마일덤 히알루로닉 하이드라필 물광세럼 기획세트,"24,500",복합성 쿨톤 잡티 미백 주름 각질 
204,A000000111912,아임프롬 진생세럼 30ml,"22,400",복합성 웜톤 잡티 미백 주름 각질 
205,A000000117309,랩시리즈 솔리드 워터 에센스 150ML (5P2E),"62,100",건성 웜톤 미백 각질 트러블 민감성 
206,A000000116925,이자녹스 크리스탈 에이징 컴포팅 에센스 75ml,"47,800",복합성 쿨톤 잡티 미백 주름 각질 
207,A000000129402,더포션스 쑥 워터 에센스,"9,400",복합성 쿨톤 잡티 미백 주름 각질 
208,A000000115496,달팡 하이드라스킨 세럼 30ml,"65,700",복합성 웜톤 각질 모공 탄력 잡티 
209,A000000113200,오리진스 메가 버섯 리뉴얼 세럼 30ml (0PXA),"54,000",복합성 웜톤 잡티 블랙헤드 민감성 모공 
210,A000000113144,코스알엑스 갈락토미세스 95 톤 밸런싱 에센스 100ml,"11,900",복합성 쿨톤 잡티 미백 주름 각질 
211,A000000113612,눅스 크렘프레쉬 세럼 30ml (수분 에센스),"35,200",복합성 쿨톤 잡티 미백 주름 각질 
212,A000000129407,더포션스 동백 오일 세럼,"9,400",복합성 웜톤 블랙헤드 미백 주름 트러블 
213,A000000130549,이지듀 리더마 부스팅 에센스 120ml,"13,500",복합성 쿨톤 잡티 미백 주름 각질 
214,A000000130550,이지듀 필업 볼륨 에센스 30ml,"17,000",복합성 쿨톤 잡티 미백 주름 각질 
215,A000000138005,프리메라 오가니언스세럼 50ML,"29,750",복합성 쿨톤 잡티 미백 주름 각질 
216,A000000137830,비오템 라이프 플랑크톤™ 클리어 에센스 75ml,"39,600",복합성 쿨톤 잡티 미백 주름 각질 
217,A000000137828,비오템 라이프 플랑크톤™ 클리어 에센스 125ml,"58,500",복합성 쿨톤 주름 민감성 잡티 미백 
218,A000000137691,아벤느 굿모닝 세트(클리낭스젤400ml+에센스인로션200ml),"49,500",건성 쿨톤 잡티 미백 주름 각질 
219,A000000137622,한율 산들박하 트러블스팟젤 20ml(19AD),"14,000",복합성 웜톤 잡티 모공 트러블 블랙헤드 
220,A000000138407,한율 다홍매실 비움 초 기획(180ml+30ml),"29,600",복합성 웜톤 잡티 트러블 모공 피지과다 
221,A000000138728,라네즈 워터뱅크 하이드로 에센스 70ml 기획(홀로그램 파우치 증정),"40,000",복합성 웜톤 트러블 민감성 모공 블랙헤드 
222,A000000138787,아비브 유자 에센스 바이탈라이징 펌프 50ml,"18,900",복합성 쿨톤 잡티 미백 주름 각질 
223,A000000138984,더바디샵 스킨 클리어링 데일리 솔루션 50ML,"30,000",복합성 쿨톤 잡티 미백 주름 각질 
224,A000000140129,블라이드 프레스드 세럼 벨벳 얌 22ml,"14,400",복합성 쿨톤 잡티 미백 주름 각질 
225,A000000140127,블라이드 프레스드 세럼 골드 애프리콧 22ml,"15,200",복합성 쿨톤 잡티 미백 주름 각질 
226,A000000137610,더마토리 프로 히알샷 100%히알루론 큐브세트(4개입),"9,600",복합성 쿨톤 잡티 미백 주름 탄력 
227,A000000139557,스킨푸드 블랙슈가 퍼펙트 첫세럼 더 에센셜,"20,250",복합성 쿨톤 주름 모공 탄력 트러블 
228,A000000139474,스킨푸드 유자씨 잡티맑음 에센스,"27,200",복합성 쿨톤 잡티 미백 주름 각질 
229,A000000139006,차앤박 팜슈티컬 너리싱 세럼 위드 햄프 시드 45ml,"28,000",복합성 쿨톤 잡티 미백 주름 각질 
230,A000000139555,스킨푸드 블랙슈가 퍼펙트 첫세럼 더 마일드,"21,600",복합성 쿨톤 잡티 미백 주름 각질 
231,A000000140131,블라이드 프레스드 세럼 툰드라 차가 22ml,"19,000",복합성 웜톤 민감성 잡티 미백 주름 
232,A000000137574,차앤박 에이클린 올 컨트롤 모이스처라이저 120ml,"35,100",복합성 쿨톤 잡티 미백 주름 각질 
233,A000000137465,쏘내추럴 레드 필 팅글 세럼,"19,600",복합성 쿨톤 잡티 미백 주름 각질 
234,A000000131622,유세린 하이알루론 모이스쳐 부스터 기획 30ml #젤리세럼,"38,400",복합성 웜톤 트러블 모공 잡티 각질 
235,A000000131549,웰라쥬 골드콜라겐 원데이키트 10개입,"29,500",건성 웜톤 탄력 잡티 미백 주름 
236,A000000130949,센텔리안24 마데카 마이크로 스타톡 세럼 50ml,"21,900",복합성 웜톤 잡티 미백 주름 각질 
237,A000000130837,아임프롬 허니 세럼 30ml,"21,000",복합성 웜톤 모공 각질 잡티 트러블 
238,A000000130649,제니하우스 트러플 퍼밍 세럼 50ml,"34,400",복합성 쿨톤 잡티 미백 주름 각질 
239,A000000134235,그라펜 에센스 소프트너 50ml,"29,000",건성 쿨톤 주름 민감성 탄력 홍조 
240,A000000134498,이지듀 필업 볼륨 스팟 기획 (에센스7ml*2개 증정),"20,500",복합성 쿨톤 잡티 미백 주름 각질 
241,A000000134607,[한정기획]네오젠 프로바이오틱스 더블액션세럼 기획세트(#재탄생세럼),"22,800",복합성 웜톤 잡티 블랙헤드 탄력 미백 
242,A000000134615,썸바이미 스네일 트루시카 미라클 리페어 세럼 50ml,"16,800",복합성 쿨톤 잡티 미백 주름 각질 
243,A000000137411,비오템 라이프 플랑크톤™ 클리어 에센스 75ml 세트,"39,600",복합성 웜톤 주름 민감성 모공 잡티 
244,A000000144119,애즈이즈투비 마린 콜라겐 81 세럼 50ml,"36,000",복합성 쿨톤 잡티 미백 주름 각질 
245,A000000137498,코스알엑스 퓨어핏 시카 세럼 30ml,"14,300",복합성 웜톤 민감성 트러블 모공 잡티 
246,A000000137296,에스트라 에이시카 스트레스 릴리프 크림에센스 150ml,"35,100",복합성 웜톤 모공 트러블 민감성 블랙헤드 
247,A000000134841,라로슈포제 퓨어비타민C10 세럼 기획,"46,800",복합성 웜톤 잡티 민감성 트러블 모공 
248,A000000134690,바이오더마 세비엄 나이트 필 40ml,"23,200",건성 쿨톤 트러블 민감성 모공 잡티 
249,A000000136257,피치베리 31도씨 르포제 세럼 50ml,"32,000",복합성 쿨톤 잡티 미백 주름 각질 
250,A000000144123,웰라쥬 리얼 히알루로닉 블루100 앰플 기획세트,"28,000",복합성 쿨톤 잡티 미백 주름 각질 
